-- --------------------------------------------------------
-- Host:                         127.0.0.1
-- Server version:               8.0.30 - MySQL Community Server - GPL
-- Server OS:                    Win64
-- HeidiSQL Version:             12.1.0.6537
-- --------------------------------------------------------

/*!40101 SET @OLD_CHARACTER_SET_CLIENT=@@CHARACTER_SET_CLIENT */;
/*!40101 SET NAMES utf8 */;
/*!50503 SET NAMES utf8mb4 */;
/*!40103 SET @OLD_TIME_ZONE=@@TIME_ZONE */;
/*!40103 SET TIME_ZONE='+00:00' */;
/*!40014 SET @OLD_FOREIGN_KEY_CHECKS=@@FOREIGN_KEY_CHECKS, FOREIGN_KEY_CHECKS=0 */;
/*!40101 SET @OLD_SQL_MODE=@@SQL_MODE, SQL_MODE='NO_AUTO_VALUE_ON_ZERO' */;
/*!40111 SET @OLD_SQL_NOTES=@@SQL_NOTES, SQL_NOTES=0 */;


-- Dumping database structure for tracnghiemoto
CREATE DATABASE IF NOT EXISTS `tracnghiemoto` /*!40100 DEFAULT CHARACTER SET utf8mb4 COLLATE utf8mb4_0900_ai_ci */ /*!80016 DEFAULT ENCRYPTION='N' */;
USE `tracnghiemoto`;

-- Dumping structure for table tracnghiemoto.admin
CREATE TABLE IF NOT EXISTS `admin` (
  `id` int NOT NULL AUTO_INCREMENT,
  `keyAdmin` varchar(50) CHARACTER SET utf8mb4 COLLATE utf8mb4_0900_ai_ci NOT NULL DEFAULT '',
  `password` varchar(500) NOT NULL DEFAULT '',
  PRIMARY KEY (`id`)
) ENGINE=InnoDB AUTO_INCREMENT=2 DEFAULT CHARSET=utf8mb4 COLLATE=utf8mb4_0900_ai_ci;

-- Dumping data for table tracnghiemoto.admin: ~0 rows (approximately)
INSERT INTO `admin` (`id`, `keyAdmin`, `password`) VALUES
	(1, 'admin', '$2y$10$JCSk/9YRlMqUiCetJBuXwu.cyRM9tRfkPuecb9h3/nGvXcFTikILK');

-- Dumping structure for table tracnghiemoto.exam
CREATE TABLE IF NOT EXISTS `exam` (
  `examName` varchar(250) CHARACTER SET utf8mb4 COLLATE utf8mb4_0900_ai_ci NOT NULL,
  `timeLimit` int DEFAULT NULL,
  `createdAt` datetime DEFAULT NULL,
  `updatedAt` datetime DEFAULT NULL,
  `status` int NOT NULL DEFAULT '0',
  `soCauHoi` int DEFAULT '0',
  PRIMARY KEY (`examName`) USING BTREE
) ENGINE=InnoDB DEFAULT CHARSET=utf8mb4 COLLATE=utf8mb4_0900_ai_ci;

-- Dumping data for table tracnghiemoto.exam: ~3 rows (approximately)
INSERT INTO `exam` (`examName`, `timeLimit`, `createdAt`, `updatedAt`, `status`, `soCauHoi`) VALUES
	('Thi lái xe ô tô B', 90, '2024-04-24 04:40:00', '2024-04-24 13:04:44', 1, 40),
	('Thi lái xe ô tô C', 90, '2024-04-24 04:38:48', '2024-04-25 05:18:18', 1, 40),
	('Thi lái xe ô tô D', 90, '2024-06-10 11:38:09', '2024-06-10 11:43:27', 0, 0);

-- Dumping structure for table tracnghiemoto.history
CREATE TABLE IF NOT EXISTS `history` (
  `id` int NOT NULL AUTO_INCREMENT,
  `userId` int DEFAULT NULL,
  `questionId` int DEFAULT NULL,
  `answerUser` char(1) DEFAULT NULL,
  `result` int DEFAULT NULL,
  `dateAnswer` datetime DEFAULT NULL,
  PRIMARY KEY (`id`),
  KEY `FK_history_questions` (`questionId`),
  KEY `FK_history_users` (`userId`),
  CONSTRAINT `FK_history_questions` FOREIGN KEY (`questionId`) REFERENCES `questions` (`id`) ON DELETE CASCADE ON UPDATE CASCADE,
  CONSTRAINT `FK_history_users` FOREIGN KEY (`userId`) REFERENCES `users` (`id`) ON DELETE CASCADE ON UPDATE CASCADE
) ENGINE=InnoDB AUTO_INCREMENT=1161 DEFAULT CHARSET=utf8mb4 COLLATE=utf8mb4_0900_ai_ci;

-- Dumping data for table tracnghiemoto.history: ~653 rows (approximately)
INSERT INTO `history` (`id`, `userId`, `questionId`, `answerUser`, `result`, `dateAnswer`) VALUES
	(361, 5, 50, 'C', 1, '2024-05-29 12:09:49'),
	(362, 5, 48, 'D', 1, '2024-05-29 12:09:49'),
	(363, 5, 52, 'B', 0, '2024-05-29 12:09:49'),
	(364, 5, 84, 'C', 1, '2024-05-29 12:09:49'),
	(365, 5, 55, 'A', 0, '2024-05-29 12:09:49'),
	(366, 5, 83, 'C', 0, '2024-05-29 12:09:49'),
	(367, 5, 66, 'D', 0, '2024-05-29 12:09:49'),
	(368, 5, 45, 'B', 0, '2024-05-29 12:09:49'),
	(369, 5, 47, 'B', 0, '2024-05-29 12:09:49'),
	(370, 5, 62, 'C', 0, '2024-05-29 12:09:49'),
	(371, 5, 59, 'B', 0, '2024-05-29 12:09:49'),
	(372, 5, 51, 'D', 0, '2024-05-29 12:09:49'),
	(373, 5, 43, 'C', 1, '2024-05-29 12:09:49'),
	(374, 5, 88, 'C', 1, '2024-05-29 12:09:49'),
	(375, 5, 61, 'A', 0, '2024-05-29 12:09:49'),
	(376, 5, 81, 'A', 0, '2024-05-29 12:09:49'),
	(377, 5, 54, 'D', 0, '2024-05-29 12:09:49'),
	(378, 5, 64, 'C', 1, '2024-05-29 12:09:49'),
	(379, 5, 75, 'B', 0, '2024-05-29 12:09:49'),
	(380, 5, 73, 'C', 1, '2024-05-29 12:09:49'),
	(381, 5, 90, 'A', 1, '2024-05-29 12:09:49'),
	(382, 5, 56, 'C', 1, '2024-05-29 12:09:49'),
	(383, 5, 89, 'D', 0, '2024-05-29 12:09:49'),
	(384, 5, 68, 'B', 0, '2024-05-29 12:09:49'),
	(385, 5, 53, 'A', 0, '2024-05-29 12:09:49'),
	(386, 5, 44, 'A', 1, '2024-05-29 12:09:49'),
	(387, 5, 76, 'A', 0, '2024-05-29 12:09:49'),
	(388, 5, 65, 'C', 0, '2024-05-29 12:09:49'),
	(389, 5, 49, 'C', 1, '2024-05-29 12:09:49'),
	(390, 5, 71, 'B', 1, '2024-05-29 12:09:49'),
	(391, 5, 72, 'C', 0, '2024-05-29 12:09:49'),
	(392, 5, 74, 'D', 0, '2024-05-29 12:09:49'),
	(393, 5, 58, 'B', 1, '2024-05-29 12:09:49'),
	(394, 5, 79, 'D', 0, '2024-05-29 12:09:49'),
	(395, 5, 67, 'C', 0, '2024-05-29 12:09:49'),
	(396, 5, 60, 'B', 0, '2024-05-29 12:09:49'),
	(397, 5, 57, 'C', 0, '2024-05-29 12:09:49'),
	(398, 5, 86, 'D', 0, '2024-05-29 12:09:49'),
	(399, 5, 82, 'D', 1, '2024-05-29 12:09:49'),
	(400, 5, 70, 'B', 0, '2024-05-29 12:09:49'),
	(441, 5, 3, 'B', 0, '2024-05-29 12:11:57'),
	(442, 5, 12, 'C', 1, '2024-05-29 12:11:57'),
	(443, 5, 33, 'C', 0, '2024-05-29 12:11:57'),
	(444, 5, 34, 'B', 1, '2024-05-29 12:11:57'),
	(445, 5, 9, 'C', 0, '2024-05-29 12:11:57'),
	(446, 5, 14, 'C', 1, '2024-05-29 12:11:57'),
	(447, 5, 35, 'A', 0, '2024-05-29 12:11:57'),
	(448, 5, 19, 'C', 1, '2024-05-29 12:11:57'),
	(449, 5, 22, 'A', 0, '2024-05-29 12:11:57'),
	(450, 5, 40, 'B', 0, '2024-05-29 12:11:57'),
	(451, 5, 10, 'D', 0, '2024-05-29 12:11:57'),
	(452, 5, 16, 'B', 0, '2024-05-29 12:11:57'),
	(453, 5, 23, 'A', 0, '2024-05-29 12:11:57'),
	(454, 5, 39, 'D', 0, '2024-05-29 12:11:57'),
	(455, 5, 29, 'C', 1, '2024-05-29 12:11:57'),
	(456, 5, 17, 'C', 1, '2024-05-29 12:11:57'),
	(457, 5, 32, 'B', 0, '2024-05-29 12:11:57'),
	(458, 5, 36, 'A', 0, '2024-05-29 12:11:57'),
	(459, 5, 15, 'C', 0, '2024-05-29 12:11:57'),
	(460, 5, 11, 'D', 0, '2024-05-29 12:11:57'),
	(461, 5, 1, 'C', 0, '2024-05-29 12:11:57'),
	(462, 5, 7, 'C', 1, '2024-05-29 12:11:57'),
	(463, 5, 25, 'B', 0, '2024-05-29 12:11:57'),
	(464, 5, 13, 'B', 1, '2024-05-29 12:11:57'),
	(465, 5, 24, 'C', 1, '2024-05-29 12:11:57'),
	(466, 5, 20, 'B', 1, '2024-05-29 12:11:57'),
	(467, 5, 2, 'C', 0, '2024-05-29 12:11:57'),
	(468, 5, 27, 'C', 0, '2024-05-29 12:11:57'),
	(469, 5, 8, 'D', 0, '2024-05-29 12:11:57'),
	(470, 5, 38, 'C', 1, '2024-05-29 12:11:57'),
	(471, 5, 30, 'B', 0, '2024-05-29 12:11:57'),
	(472, 5, 5, 'D', 1, '2024-05-29 12:11:57'),
	(473, 5, 37, 'A', 0, '2024-05-29 12:11:57'),
	(474, 5, 21, 'A', 0, '2024-05-29 12:11:57'),
	(475, 5, 41, 'C', 0, '2024-05-29 12:11:57'),
	(476, 5, 26, 'B', 0, '2024-05-29 12:11:57'),
	(477, 5, 28, 'C', 0, '2024-05-29 12:11:57'),
	(478, 5, 42, 'D', 0, '2024-05-29 12:11:57'),
	(479, 5, 31, 'A', 0, '2024-05-29 12:11:57'),
	(480, 5, 4, 'C', 0, '2024-05-29 12:11:57'),
	(481, 5, 5, 'D', 1, '2024-05-29 12:30:12'),
	(482, 5, 38, 'C', 1, '2024-05-29 12:30:12'),
	(483, 5, 6, 'B', 1, '2024-05-29 12:30:12'),
	(484, 5, 16, 'D', 1, '2024-05-29 12:30:12'),
	(485, 5, 27, 'B', 1, '2024-05-29 12:30:12'),
	(486, 5, 35, 'C', 1, '2024-05-29 12:30:12'),
	(487, 5, 7, 'C', 1, '2024-05-29 12:30:12'),
	(488, 5, 32, 'C', 1, '2024-05-29 12:30:12'),
	(489, 5, 15, 'A', 1, '2024-05-29 12:30:12'),
	(490, 5, 28, 'D', 1, '2024-05-29 12:30:12'),
	(491, 5, 14, 'C', 1, '2024-05-29 12:30:12'),
	(492, 5, 11, 'C', 1, '2024-05-29 12:30:12'),
	(493, 5, 3, 'C', 1, '2024-05-29 12:30:12'),
	(494, 5, 22, 'B', 1, '2024-05-29 12:30:12'),
	(495, 5, 9, 'A', 1, '2024-05-29 12:30:12'),
	(496, 5, 18, 'A', 1, '2024-05-29 12:30:12'),
	(497, 5, 4, 'B', 1, '2024-05-29 12:30:12'),
	(498, 5, 31, 'D', 1, '2024-05-29 12:30:12'),
	(499, 5, 39, 'C', 1, '2024-05-29 12:30:12'),
	(500, 5, 23, 'D', 1, '2024-05-29 12:30:12'),
	(501, 5, 8, 'A', 1, '2024-05-29 12:30:12'),
	(502, 5, 1, 'D', 1, '2024-05-29 12:30:12'),
	(503, 5, 34, 'B', 1, '2024-05-29 12:30:12'),
	(504, 5, 41, 'A', 1, '2024-05-29 12:30:12'),
	(505, 5, 2, 'A', 1, '2024-05-29 12:30:12'),
	(506, 5, 33, 'D', 1, '2024-05-29 12:30:12'),
	(507, 5, 13, 'B', 1, '2024-05-29 12:30:12'),
	(508, 5, 12, 'C', 1, '2024-05-29 12:30:12'),
	(509, 5, 29, 'C', 1, '2024-05-29 12:30:12'),
	(510, 5, 42, 'B', 1, '2024-05-29 12:30:12'),
	(511, 5, 40, 'A', 1, '2024-05-29 12:30:12'),
	(512, 5, 26, 'C', 1, '2024-05-29 12:30:12'),
	(513, 5, 20, 'B', 1, '2024-05-29 12:30:12'),
	(514, 5, 10, 'B', 1, '2024-05-29 12:30:12'),
	(515, 5, 36, 'D', 1, '2024-05-29 12:30:12'),
	(516, 5, 25, 'A', 1, '2024-05-29 12:30:12'),
	(517, 5, 30, 'A', 1, '2024-05-29 12:30:12'),
	(518, 5, 24, 'C', 1, '2024-05-29 12:30:12'),
	(519, 5, 21, 'D', 1, '2024-05-29 12:30:12'),
	(520, 5, 17, 'C', 1, '2024-05-29 12:30:12'),
	(561, 6, 25, 'A', 1, '2024-06-10 12:27:56'),
	(562, 6, 39, 'B', 0, '2024-06-10 12:27:56'),
	(563, 6, 35, 'C', 1, '2024-06-10 12:27:56'),
	(564, 6, 8, 'A', 1, '2024-06-10 12:27:56'),
	(565, 6, 16, 'D', 1, '2024-06-10 12:27:56'),
	(566, 6, 14, 'C', 1, '2024-06-10 12:27:56'),
	(567, 6, 19, 'B', 0, '2024-06-10 12:27:56'),
	(568, 6, 29, 'D', 0, '2024-06-10 12:27:56'),
	(569, 6, 34, 'A', 0, '2024-06-10 12:27:56'),
	(570, 6, 30, 'B', 0, '2024-06-10 12:27:56'),
	(571, 6, 1, 'D', 1, '2024-06-10 12:27:56'),
	(572, 6, 28, 'C', 0, '2024-06-10 12:27:56'),
	(573, 6, 41, 'D', 0, '2024-06-10 12:27:56'),
	(574, 6, 11, 'B', 0, '2024-06-10 12:27:56'),
	(575, 6, 33, 'C', 0, '2024-06-10 12:27:56'),
	(576, 6, 2, 'A', 1, '2024-06-10 12:27:56'),
	(577, 6, 26, 'A', 0, '2024-06-10 12:27:56'),
	(578, 6, 18, 'A', 1, '2024-06-10 12:27:56'),
	(579, 6, 22, 'C', 0, '2024-06-10 12:27:56'),
	(580, 6, 21, 'D', 1, '2024-06-10 12:27:56'),
	(581, 6, 40, 'D', 0, '2024-06-10 12:27:56'),
	(582, 6, 31, 'C', 0, '2024-06-10 12:27:56'),
	(583, 6, 12, 'C', 1, '2024-06-10 12:27:56'),
	(584, 6, 15, 'B', 0, '2024-06-10 12:27:56'),
	(585, 6, 38, 'B', 0, '2024-06-10 12:27:56'),
	(586, 6, 37, 'A', 0, '2024-06-10 12:27:56'),
	(587, 6, 9, 'D', 0, '2024-06-10 12:27:56'),
	(588, 6, 20, 'C', 0, '2024-06-10 12:27:56'),
	(589, 6, 10, 'B', 1, '2024-06-10 12:27:56'),
	(590, 6, 7, 'B', 0, '2024-06-10 12:27:56'),
	(591, 6, 27, 'D', 0, '2024-06-10 12:27:56'),
	(592, 6, 13, 'C', 0, '2024-06-10 12:27:56'),
	(593, 6, 32, 'B', 0, '2024-06-10 12:27:56'),
	(594, 6, 36, 'B', 0, '2024-06-10 12:27:56'),
	(595, 6, 5, 'B', 0, '2024-06-10 12:27:56'),
	(596, 6, 42, 'C', 0, '2024-06-10 12:27:56'),
	(597, 6, 23, 'C', 0, '2024-06-10 12:27:56'),
	(598, 6, 24, 'B', 0, '2024-06-10 12:27:56'),
	(599, 6, 17, 'C', 1, '2024-06-10 12:27:56'),
	(600, 6, 4, 'C', 0, '2024-06-10 12:27:56'),
	(601, 6, 72, 'B', 0, '2024-06-10 12:39:27'),
	(602, 6, 55, 'D', 0, '2024-06-10 12:39:27'),
	(603, 6, 66, 'B', 0, '2024-06-10 12:39:27'),
	(604, 6, 51, 'C', 0, '2024-06-10 12:39:27'),
	(605, 6, 53, 'A', 0, '2024-06-10 12:39:27'),
	(606, 6, 77, 'D', 0, '2024-06-10 12:39:27'),
	(607, 6, 89, 'B', 0, '2024-06-10 12:39:27'),
	(608, 6, 49, 'D', 0, '2024-06-10 12:39:27'),
	(609, 6, 45, 'A', 0, '2024-06-10 12:39:27'),
	(610, 6, 59, 'B', 0, '2024-06-10 12:39:27'),
	(611, 6, 48, 'C', 0, '2024-06-10 12:39:27'),
	(612, 6, 90, 'C', 0, '2024-06-10 12:39:27'),
	(613, 6, 86, 'D', 0, '2024-06-10 12:39:27'),
	(614, 6, 85, 'D', 1, '2024-06-10 12:39:27'),
	(615, 6, 61, 'C', 0, '2024-06-10 12:39:27'),
	(616, 6, 70, 'B', 0, '2024-06-10 12:39:27'),
	(617, 6, 78, 'A', 0, '2024-06-10 12:39:27'),
	(618, 6, 81, 'D', 0, '2024-06-10 12:39:27'),
	(619, 6, 67, 'B', 1, '2024-06-10 12:39:27'),
	(620, 6, 82, 'C', 0, '2024-06-10 12:39:27'),
	(621, 6, 58, 'A', 0, '2024-06-10 12:39:27'),
	(622, 6, 46, 'D', 0, '2024-06-10 12:39:27'),
	(623, 6, 84, 'C', 1, '2024-06-10 12:39:27'),
	(624, 6, 75, 'D', 0, '2024-06-10 12:39:27'),
	(625, 6, 54, 'A', 0, '2024-06-10 12:39:27'),
	(626, 6, 63, 'A', 0, '2024-06-10 12:39:27'),
	(627, 6, 87, 'C', 1, '2024-06-10 12:39:27'),
	(628, 6, 74, 'C', 0, '2024-06-10 12:39:27'),
	(629, 6, 43, 'B', 0, '2024-06-10 12:39:27'),
	(630, 6, 60, 'A', 0, '2024-06-10 12:39:27'),
	(631, 6, 79, 'D', 0, '2024-06-10 12:39:27'),
	(632, 6, 52, 'D', 0, '2024-06-10 12:39:27'),
	(633, 6, 76, 'A', 0, '2024-06-10 12:39:27'),
	(634, 6, 47, 'B', 0, '2024-06-10 12:39:27'),
	(635, 6, 73, 'C', 1, '2024-06-10 12:39:27'),
	(636, 6, 88, 'D', 0, '2024-06-10 12:39:27'),
	(637, 6, 44, 'D', 0, '2024-06-10 12:39:27'),
	(638, 6, 71, 'A', 0, '2024-06-10 12:39:27'),
	(639, 6, 56, 'C', 1, '2024-06-10 12:39:27'),
	(640, 6, 80, 'B', 0, '2024-06-10 12:39:27'),
	(641, 6, 31, 'C', 0, '2024-06-10 12:45:23'),
	(642, 6, 39, 'D', 0, '2024-06-10 12:45:23'),
	(643, 6, 6, 'B', 1, '2024-06-10 12:45:23'),
	(644, 6, 21, 'D', 1, '2024-06-10 12:45:23'),
	(645, 6, 40, 'D', 0, '2024-06-10 12:45:23'),
	(646, 6, 4, 'B', 1, '2024-06-10 12:45:23'),
	(647, 6, 18, 'D', 0, '2024-06-10 12:45:23'),
	(648, 6, 19, 'C', 1, '2024-06-10 12:45:23'),
	(649, 6, 2, 'A', 1, '2024-06-10 12:45:23'),
	(650, 6, 11, 'A', 0, '2024-06-10 12:45:23'),
	(651, 6, 13, 'C', 0, '2024-06-10 12:45:23'),
	(652, 6, 35, 'D', 0, '2024-06-10 12:45:23'),
	(653, 6, 29, 'D', 0, '2024-06-10 12:45:23'),
	(654, 6, 34, 'B', 1, '2024-06-10 12:45:23'),
	(655, 6, 23, 'C', 0, '2024-06-10 12:45:23'),
	(656, 6, 20, 'D', 0, '2024-06-10 12:45:23'),
	(657, 6, 12, 'A', 0, '2024-06-10 12:45:23'),
	(658, 6, 38, 'B', 0, '2024-06-10 12:45:23'),
	(659, 6, 1, 'C', 0, '2024-06-10 12:45:23'),
	(660, 6, 8, 'A', 1, '2024-06-10 12:45:23'),
	(661, 6, 41, 'B', 0, '2024-06-10 12:45:23'),
	(662, 6, 36, 'A', 0, '2024-06-10 12:45:23'),
	(663, 6, 25, 'D', 0, '2024-06-10 12:45:23'),
	(664, 6, 5, 'C', 0, '2024-06-10 12:45:23'),
	(665, 6, 22, 'A', 0, '2024-06-10 12:45:23'),
	(666, 6, 37, 'B', 0, '2024-06-10 12:45:23'),
	(667, 6, 27, 'B', 1, '2024-06-10 12:45:23'),
	(668, 6, 16, 'C', 0, '2024-06-10 12:45:23'),
	(669, 6, 33, 'A', 0, '2024-06-10 12:45:23'),
	(670, 6, 3, 'B', 0, '2024-06-10 12:45:23'),
	(671, 6, 32, 'B', 0, '2024-06-10 12:45:23'),
	(672, 6, 30, 'B', 0, '2024-06-10 12:45:23'),
	(673, 6, 10, 'C', 0, '2024-06-10 12:45:23'),
	(674, 6, 26, 'A', 0, '2024-06-10 12:45:23'),
	(675, 6, 17, 'D', 0, '2024-06-10 12:45:23'),
	(676, 6, 28, 'D', 1, '2024-06-10 12:45:23'),
	(677, 6, 24, 'A', 0, '2024-06-10 12:45:23'),
	(678, 6, 15, 'A', 1, '2024-06-10 12:45:23'),
	(679, 6, 42, 'C', 0, '2024-06-10 12:45:23'),
	(680, 6, 14, 'A', 0, '2024-06-10 12:45:23'),
	(681, 6, 38, 'A', 0, '2024-06-11 02:16:43'),
	(682, 6, 23, 'C', 0, '2024-06-11 02:16:43'),
	(683, 6, 7, 'D', 0, '2024-06-11 02:16:43'),
	(684, 6, 34, 'B', 1, '2024-06-11 02:16:43'),
	(685, 6, 35, 'D', 0, '2024-06-11 02:16:43'),
	(686, 6, 29, 'A', 0, '2024-06-11 02:16:43'),
	(687, 6, 14, 'C', 1, '2024-06-11 02:16:43'),
	(688, 6, 8, 'B', 0, '2024-06-11 02:16:43'),
	(689, 6, 36, 'C', 0, '2024-06-11 02:16:43'),
	(690, 6, 41, 'D', 0, '2024-06-11 02:16:43'),
	(691, 6, 32, 'D', 0, '2024-06-11 02:16:43'),
	(692, 6, 1, 'B', 0, '2024-06-11 02:16:43'),
	(693, 6, 5, 'D', 1, '2024-06-11 02:16:43'),
	(694, 6, 6, 'D', 0, '2024-06-11 02:16:43'),
	(695, 6, 24, 'B', 0, '2024-06-11 02:16:43'),
	(696, 6, 3, 'A', 0, '2024-06-11 02:16:43'),
	(697, 6, 11, 'C', 1, '2024-06-11 02:16:43'),
	(698, 6, 10, 'D', 0, '2024-06-11 02:16:43'),
	(699, 6, 2, 'A', 1, '2024-06-11 02:16:43'),
	(700, 6, 26, 'B', 0, '2024-06-11 02:16:43'),
	(701, 6, 31, 'D', 1, '2024-06-11 02:16:43'),
	(702, 6, 9, 'C', 0, '2024-06-11 02:16:43'),
	(703, 6, 19, 'B', 0, '2024-06-11 02:16:43'),
	(704, 6, 28, 'D', 1, '2024-06-11 02:16:43'),
	(705, 6, 22, 'B', 1, '2024-06-11 02:16:43'),
	(706, 6, 27, 'C', 0, '2024-06-11 02:16:43'),
	(707, 6, 21, 'A', 0, '2024-06-11 02:16:43'),
	(708, 6, 16, 'D', 1, '2024-06-11 02:16:43'),
	(709, 6, 18, 'B', 0, '2024-06-11 02:16:43'),
	(710, 6, 4, 'A', 0, '2024-06-11 02:16:43'),
	(711, 6, 37, 'B', 0, '2024-06-11 02:16:43'),
	(712, 6, 42, 'D', 0, '2024-06-11 02:16:43'),
	(713, 6, 30, 'A', 1, '2024-06-11 02:16:43'),
	(714, 6, 33, 'D', 1, '2024-06-11 02:16:43'),
	(715, 6, 15, 'A', 1, '2024-06-11 02:16:43'),
	(716, 6, 40, 'C', 0, '2024-06-11 02:16:43'),
	(717, 6, 12, 'C', 1, '2024-06-11 02:16:43'),
	(718, 6, 20, 'D', 0, '2024-06-11 02:16:43'),
	(719, 6, 13, 'D', 0, '2024-06-11 02:16:43'),
	(720, 6, 17, 'C', 1, '2024-06-11 02:16:43'),
	(721, 6, 84, 'C', 1, '2024-06-11 02:27:35'),
	(722, 6, 88, 'D', 0, '2024-06-11 02:27:35'),
	(723, 6, 50, 'B', 0, '2024-06-11 02:27:35'),
	(724, 6, 74, 'A', 1, '2024-06-11 02:27:35'),
	(725, 6, 45, 'A', 0, '2024-06-11 02:27:35'),
	(726, 6, 78, 'C', 1, '2024-06-11 02:27:35'),
	(727, 6, 65, 'B', 0, '2024-06-11 02:27:35'),
	(728, 6, 83, 'A', 0, '2024-06-11 02:27:35'),
	(729, 6, 80, 'C', 0, '2024-06-11 02:27:35'),
	(730, 6, 47, 'B', 0, '2024-06-11 02:27:35'),
	(731, 6, 53, 'C', 1, '2024-06-11 02:27:35'),
	(732, 6, 61, 'D', 0, '2024-06-11 02:27:35'),
	(733, 6, 54, 'D', 0, '2024-06-11 02:27:35'),
	(734, 6, 73, 'C', 1, '2024-06-11 02:27:35'),
	(735, 6, 76, 'B', 1, '2024-06-11 02:27:35'),
	(736, 6, 52, 'A', 1, '2024-06-11 02:27:35'),
	(737, 6, 49, 'B', 0, '2024-06-11 02:27:35'),
	(738, 6, 90, 'C', 0, '2024-06-11 02:27:35'),
	(739, 6, 56, 'C', 1, '2024-06-11 02:27:35'),
	(740, 6, 86, 'B', 0, '2024-06-11 02:27:35'),
	(741, 6, 59, 'B', 0, '2024-06-11 02:27:35'),
	(742, 6, 81, 'C', 1, '2024-06-11 02:27:35'),
	(743, 6, 66, 'C', 1, '2024-06-11 02:27:35'),
	(744, 6, 85, 'D', 1, '2024-06-11 02:27:35'),
	(745, 6, 60, 'D', 0, '2024-06-11 02:27:35'),
	(746, 6, 43, 'A', 0, '2024-06-11 02:27:35'),
	(747, 6, 51, 'B', 0, '2024-06-11 02:27:35'),
	(748, 6, 64, 'A', 0, '2024-06-11 02:27:35'),
	(749, 6, 57, 'B', 0, '2024-06-11 02:27:35'),
	(750, 6, 58, 'B', 1, '2024-06-11 02:27:35'),
	(751, 6, 48, 'D', 1, '2024-06-11 02:27:35'),
	(752, 6, 77, 'D', 0, '2024-06-11 02:27:35'),
	(753, 6, 71, 'C', 0, '2024-06-11 02:27:35'),
	(754, 6, 89, 'C', 0, '2024-06-11 02:27:35'),
	(755, 6, 82, 'B', 0, '2024-06-11 02:27:35'),
	(756, 6, 75, 'A', 0, '2024-06-11 02:27:35'),
	(757, 6, 70, 'B', 0, '2024-06-11 02:27:35'),
	(758, 6, 67, 'C', 0, '2024-06-11 02:27:35'),
	(759, 6, 63, 'D', 1, '2024-06-11 02:27:35'),
	(760, 6, 72, 'C', 0, '2024-06-11 02:27:35'),
	(761, 5, 40, 'A', 1, '2024-06-11 13:34:15'),
	(762, 5, 24, 'A', 0, '2024-06-11 13:34:15'),
	(763, 5, 35, 'C', 1, '2024-06-11 13:34:15'),
	(764, 5, 32, 'B', 0, '2024-06-11 13:34:15'),
	(765, 5, 41, 'D', 0, '2024-06-11 13:34:15'),
	(766, 5, 13, 'A', 0, '2024-06-11 13:34:15'),
	(767, 5, 17, 'C', 1, '2024-06-11 13:34:15'),
	(768, 5, 14, 'B', 0, '2024-06-11 13:34:15'),
	(769, 5, 12, 'D', 0, '2024-06-11 13:34:15'),
	(770, 5, 30, 'B', 0, '2024-06-11 13:34:15'),
	(771, 5, 29, 'D', 0, '2024-06-11 13:34:15'),
	(772, 5, 25, 'B', 0, '2024-06-11 13:34:15'),
	(773, 5, 34, 'B', 1, '2024-06-11 13:34:15'),
	(774, 5, 36, 'A', 0, '2024-06-11 13:34:15'),
	(775, 5, 39, 'C', 1, '2024-06-11 13:34:15'),
	(776, 5, 1, 'C', 0, '2024-06-11 13:34:15'),
	(777, 5, 31, 'B', 0, '2024-06-11 13:34:15'),
	(778, 5, 22, 'D', 0, '2024-06-11 13:34:15'),
	(779, 5, 27, 'B', 1, '2024-06-11 13:34:15'),
	(780, 5, 19, 'A', 0, '2024-06-11 13:34:15'),
	(781, 5, 15, 'D', 0, '2024-06-11 13:34:15'),
	(782, 5, 26, 'C', 1, '2024-06-11 13:34:15'),
	(783, 5, 37, 'B', 0, '2024-06-11 13:34:15'),
	(784, 5, 8, 'D', 0, '2024-06-11 13:34:15'),
	(785, 5, 33, 'C', 0, '2024-06-11 13:34:15'),
	(786, 5, 42, 'B', 1, '2024-06-11 13:34:15'),
	(787, 5, 5, 'C', 0, '2024-06-11 13:34:15'),
	(788, 5, 38, 'C', 1, '2024-06-11 13:34:15'),
	(789, 5, 2, 'B', 0, '2024-06-11 13:34:15'),
	(790, 5, 11, 'B', 0, '2024-06-11 13:34:15'),
	(791, 5, 7, 'B', 0, '2024-06-11 13:34:15'),
	(792, 5, 10, 'C', 0, '2024-06-11 13:34:15'),
	(793, 5, 4, 'D', 0, '2024-06-11 13:34:15'),
	(794, 5, 23, 'D', 1, '2024-06-11 13:34:15'),
	(795, 5, 16, 'B', 0, '2024-06-11 13:34:15'),
	(796, 5, 28, 'C', 0, '2024-06-11 13:34:15'),
	(797, 5, 21, 'B', 0, '2024-06-11 13:34:15'),
	(798, 5, 18, 'B', 0, '2024-06-11 13:34:15'),
	(799, 5, 20, 'B', 1, '2024-06-11 13:34:15'),
	(800, 5, 9, 'D', 0, '2024-06-11 13:34:15'),
	(801, 5, 20, 'B', 1, '2024-06-13 02:01:50'),
	(802, 5, 24, 'D', 0, '2024-06-13 02:01:50'),
	(803, 5, 31, 'C', 0, '2024-06-13 02:01:50'),
	(804, 5, 22, 'A', 0, '2024-06-13 02:01:50'),
	(805, 5, 39, 'B', 0, '2024-06-13 02:01:50'),
	(806, 5, 35, 'D', 0, '2024-06-13 02:01:50'),
	(807, 5, 2, 'D', 0, '2024-06-13 02:01:50'),
	(808, 5, 21, 'C', 0, '2024-06-13 02:01:50'),
	(809, 5, 41, 'A', 1, '2024-06-13 02:01:50'),
	(810, 5, 17, 'B', 0, '2024-06-13 02:01:50'),
	(811, 5, 26, 'D', 0, '2024-06-13 02:01:50'),
	(812, 5, 3, 'A', 0, '2024-06-13 02:01:50'),
	(813, 5, 25, 'C', 0, '2024-06-13 02:01:50'),
	(814, 5, 42, 'C', 0, '2024-06-13 02:01:50'),
	(815, 5, 40, 'B', 0, '2024-06-13 02:01:50'),
	(816, 5, 12, 'C', 1, '2024-06-13 02:01:50'),
	(817, 5, 9, 'D', 0, '2024-06-13 02:01:50'),
	(818, 5, 28, 'D', 1, '2024-06-13 02:01:50'),
	(819, 5, 8, 'B', 0, '2024-06-13 02:01:50'),
	(820, 5, 27, 'A', 0, '2024-06-13 02:01:50'),
	(821, 5, 16, 'B', 0, '2024-06-13 02:01:50'),
	(822, 5, 30, 'B', 0, '2024-06-13 02:01:50'),
	(823, 5, 6, 'C', 0, '2024-06-13 02:01:50'),
	(824, 5, 37, 'C', 1, '2024-06-13 02:01:50'),
	(825, 5, 33, 'D', 1, '2024-06-13 02:01:50'),
	(826, 5, 10, 'A', 0, '2024-06-13 02:01:50'),
	(827, 5, 1, 'B', 0, '2024-06-13 02:01:50'),
	(828, 5, 7, 'C', 1, '2024-06-13 02:01:50'),
	(829, 5, 11, 'A', 0, '2024-06-13 02:01:50'),
	(830, 5, 36, 'C', 0, '2024-06-13 02:01:50'),
	(831, 5, 15, 'D', 0, '2024-06-13 02:01:50'),
	(832, 5, 23, 'B', 0, '2024-06-13 02:01:50'),
	(833, 5, 38, 'B', 0, '2024-06-13 02:01:50'),
	(834, 5, 29, 'D', 0, '2024-06-13 02:01:50'),
	(835, 5, 34, 'D', 0, '2024-06-13 02:01:50'),
	(836, 5, 4, 'B', 1, '2024-06-13 02:01:50'),
	(837, 5, 14, 'B', 0, '2024-06-13 02:01:50'),
	(838, 5, 32, 'C', 1, '2024-06-13 02:01:50'),
	(839, 5, 5, 'C', 0, '2024-06-13 02:01:50'),
	(840, 5, 18, 'B', 0, '2024-06-13 02:01:50'),
	(841, 5, 21, 'A', 0, '2024-06-13 02:08:50'),
	(842, 5, 23, 'C', 0, '2024-06-13 02:08:50'),
	(843, 5, 11, 'A', 0, '2024-06-13 02:08:50'),
	(844, 5, 7, 'C', 1, '2024-06-13 02:08:50'),
	(845, 5, 12, 'B', 0, '2024-06-13 02:08:50'),
	(846, 5, 27, 'D', 0, '2024-06-13 02:08:50'),
	(847, 5, 17, 'D', 0, '2024-06-13 02:08:50'),
	(848, 5, 37, 'C', 1, '2024-06-13 02:08:50'),
	(849, 5, 32, 'B', 0, '2024-06-13 02:08:50'),
	(850, 5, 18, 'B', 0, '2024-06-13 02:08:50'),
	(851, 5, 40, 'D', 0, '2024-06-13 02:08:50'),
	(852, 5, 24, 'A', 0, '2024-06-13 02:08:50'),
	(853, 5, 28, 'C', 0, '2024-06-13 02:08:50'),
	(854, 5, 8, 'A', 1, '2024-06-13 02:08:50'),
	(855, 5, 15, 'D', 0, '2024-06-13 02:08:50'),
	(856, 5, 13, 'C', 0, '2024-06-13 02:08:50'),
	(857, 5, 26, 'C', 1, '2024-06-13 02:08:50'),
	(858, 5, 10, 'A', 0, '2024-06-13 02:08:50'),
	(859, 5, 5, 'A', 0, '2024-06-13 02:08:50'),
	(860, 5, 1, 'C', 0, '2024-06-13 02:08:50'),
	(861, 5, 33, 'D', 1, '2024-06-13 02:08:50'),
	(862, 5, 20, 'B', 1, '2024-06-13 02:08:50'),
	(863, 5, 39, 'B', 0, '2024-06-13 02:08:50'),
	(864, 5, 31, 'B', 0, '2024-06-13 02:08:50'),
	(865, 5, 4, 'B', 1, '2024-06-13 02:08:50'),
	(866, 5, 29, 'B', 0, '2024-06-13 02:08:50'),
	(867, 5, 22, 'C', 0, '2024-06-13 02:08:50'),
	(868, 5, 25, 'C', 0, '2024-06-13 02:08:50'),
	(869, 5, 6, 'B', 1, '2024-06-13 02:08:50'),
	(870, 5, 9, 'D', 0, '2024-06-13 02:08:50'),
	(871, 5, 14, 'D', 0, '2024-06-13 02:08:50'),
	(872, 5, 41, 'A', 1, '2024-06-13 02:08:50'),
	(873, 5, 36, 'B', 0, '2024-06-13 02:08:50'),
	(874, 5, 3, 'D', 0, '2024-06-13 02:08:50'),
	(875, 5, 38, 'A', 0, '2024-06-13 02:08:50'),
	(876, 5, 42, 'B', 1, '2024-06-13 02:08:50'),
	(877, 5, 19, 'C', 1, '2024-06-13 02:08:50'),
	(878, 5, 2, 'D', 0, '2024-06-13 02:08:50'),
	(879, 5, 16, 'B', 0, '2024-06-13 02:08:50'),
	(880, 5, 35, 'A', 0, '2024-06-13 02:08:50'),
	(881, 5, 25, 'B', 0, '2024-06-14 03:40:13'),
	(882, 5, 28, 'C', 0, '2024-06-14 03:40:13'),
	(883, 5, 32, 'D', 0, '2024-06-14 03:40:13'),
	(884, 5, 26, 'D', 0, '2024-06-14 03:40:13'),
	(885, 5, 35, 'B', 0, '2024-06-14 03:40:13'),
	(886, 5, 15, 'A', 1, '2024-06-14 03:40:13'),
	(887, 5, 11, 'C', 1, '2024-06-14 03:40:13'),
	(888, 5, 41, 'C', 0, '2024-06-14 03:40:13'),
	(889, 5, 12, 'D', 0, '2024-06-14 03:40:13'),
	(890, 5, 5, 'D', 1, '2024-06-14 03:40:13'),
	(891, 5, 21, 'B', 0, '2024-06-14 03:40:13'),
	(892, 5, 20, 'A', 0, '2024-06-14 03:40:13'),
	(893, 5, 16, 'C', 0, '2024-06-14 03:40:13'),
	(894, 5, 27, 'B', 1, '2024-06-14 03:40:13'),
	(895, 5, 23, 'B', 0, '2024-06-14 03:40:13'),
	(896, 5, 40, 'C', 0, '2024-06-14 03:40:13'),
	(897, 5, 7, 'D', 0, '2024-06-14 03:40:13'),
	(898, 5, 13, 'D', 0, '2024-06-14 03:40:13'),
	(899, 5, 22, 'A', 0, '2024-06-14 03:40:13'),
	(900, 5, 24, 'A', 0, '2024-06-14 03:40:13'),
	(901, 5, 9, 'B', 0, '2024-06-14 03:40:13'),
	(902, 5, 14, 'C', 1, '2024-06-14 03:40:13'),
	(903, 5, 2, 'C', 0, '2024-06-14 03:40:13'),
	(904, 5, 10, 'D', 0, '2024-06-14 03:40:13'),
	(905, 5, 34, 'C', 0, '2024-06-14 03:40:13'),
	(906, 5, 33, 'B', 0, '2024-06-14 03:40:13'),
	(907, 5, 29, 'A', 0, '2024-06-14 03:40:13'),
	(908, 5, 19, 'D', 0, '2024-06-14 03:40:13'),
	(909, 5, 31, 'C', 0, '2024-06-14 03:40:13'),
	(910, 5, 42, 'C', 0, '2024-06-14 03:40:13'),
	(911, 5, 37, 'B', 0, '2024-06-14 03:40:13'),
	(912, 5, 30, 'D', 0, '2024-06-14 03:40:13'),
	(913, 5, 17, 'A', 0, '2024-06-14 03:40:13'),
	(914, 5, 36, 'D', 1, '2024-06-14 03:40:13'),
	(915, 5, 1, 'C', 0, '2024-06-14 03:40:13'),
	(916, 5, 39, 'D', 0, '2024-06-14 03:40:13'),
	(917, 5, 3, 'B', 0, '2024-06-14 03:40:13'),
	(918, 5, 8, 'D', 0, '2024-06-14 03:40:13'),
	(919, 5, 18, 'A', 1, '2024-06-14 03:40:13'),
	(920, 5, 4, 'D', 0, '2024-06-14 03:40:13'),
	(921, 2, 28, 'C', 0, '2024-06-21 05:22:46'),
	(922, 2, 22, 'D', 0, '2024-06-21 05:22:46'),
	(923, 2, 42, 'B', 1, '2024-06-21 05:22:46'),
	(924, 2, 31, 'A', 0, '2024-06-21 05:22:46'),
	(925, 2, 3, 'B', 0, '2024-06-21 05:22:46'),
	(926, 2, 29, 'C', 1, '2024-06-21 05:22:46'),
	(927, 2, 35, 'D', 0, '2024-06-21 05:22:46'),
	(928, 2, 20, 'C', 0, '2024-06-21 05:22:46'),
	(929, 2, 6, 'D', 0, '2024-06-21 05:22:46'),
	(930, 2, 2, 'C', 0, '2024-06-21 05:22:46'),
	(931, 2, 40, 'B', 0, '2024-06-21 05:22:46'),
	(932, 2, 38, 'C', 1, '2024-06-21 05:22:46'),
	(933, 2, 32, 'D', 0, '2024-06-21 05:22:46'),
	(934, 2, 11, 'A', 0, '2024-06-21 05:22:46'),
	(935, 2, 10, 'B', 1, '2024-06-21 05:22:46'),
	(936, 2, 17, 'B', 0, '2024-06-21 05:22:46'),
	(937, 2, 19, 'A', 0, '2024-06-21 05:22:46'),
	(938, 2, 16, 'A', 0, '2024-06-21 05:22:46'),
	(939, 2, 21, 'A', 0, '2024-06-21 05:22:46'),
	(940, 2, 8, 'D', 0, '2024-06-21 05:22:46'),
	(941, 2, 23, 'C', 0, '2024-06-21 05:22:46'),
	(942, 2, 25, 'B', 0, '2024-06-21 05:22:46'),
	(943, 2, 33, 'B', 0, '2024-06-21 05:22:46'),
	(944, 2, 4, 'B', 1, '2024-06-21 05:22:46'),
	(945, 2, 41, 'D', 0, '2024-06-21 05:22:46'),
	(946, 2, 9, 'C', 0, '2024-06-21 05:22:46'),
	(947, 2, 5, 'B', 0, '2024-06-21 05:22:46'),
	(948, 2, 12, 'C', 1, '2024-06-21 05:22:46'),
	(949, 2, 24, 'A', 0, '2024-06-21 05:22:46'),
	(950, 2, 36, 'B', 0, '2024-06-21 05:22:46'),
	(951, 2, 37, 'D', 0, '2024-06-21 05:22:46'),
	(952, 2, 39, 'C', 1, '2024-06-21 05:22:46'),
	(953, 2, 14, 'A', 0, '2024-06-21 05:22:46'),
	(954, 2, 7, 'B', 0, '2024-06-21 05:22:46'),
	(955, 2, 30, 'D', 0, '2024-06-21 05:22:46'),
	(956, 2, 15, 'A', 1, '2024-06-21 05:22:46'),
	(957, 2, 18, 'A', 1, '2024-06-21 05:22:46'),
	(958, 2, 34, 'B', 1, '2024-06-21 05:22:46'),
	(959, 2, 1, 'C', 0, '2024-06-21 05:22:46'),
	(960, 2, 13, 'D', 0, '2024-06-21 05:22:46'),
	(961, 2, 13, 'B', 1, '2024-06-21 05:25:40'),
	(962, 2, 21, 'D', 1, '2024-06-21 05:25:40'),
	(963, 2, 2, 'D', 0, '2024-06-21 05:25:40'),
	(964, 2, 1, 'C', 0, '2024-06-21 05:25:40'),
	(965, 2, 31, 'B', 0, '2024-06-21 05:25:40'),
	(966, 2, 3, 'C', 1, '2024-06-21 05:25:40'),
	(967, 2, 5, 'D', 1, '2024-06-21 05:25:40'),
	(968, 2, 22, 'A', 0, '2024-06-21 05:25:40'),
	(969, 2, 30, 'C', 0, '2024-06-21 05:25:40'),
	(970, 2, 19, 'B', 0, '2024-06-21 05:25:40'),
	(971, 2, 32, 'D', 0, '2024-06-21 05:25:40'),
	(972, 2, 11, 'A', 0, '2024-06-21 05:25:40'),
	(973, 2, 15, 'B', 0, '2024-06-21 05:25:40'),
	(974, 2, 29, 'B', 0, '2024-06-21 05:25:40'),
	(975, 2, 17, 'B', 0, '2024-06-21 05:25:40'),
	(976, 2, 25, 'A', 1, '2024-06-21 05:25:40'),
	(977, 2, 18, 'C', 0, '2024-06-21 05:25:40'),
	(978, 2, 6, 'B', 1, '2024-06-21 05:25:40'),
	(979, 2, 39, 'B', 0, '2024-06-21 05:25:40'),
	(980, 2, 4, 'B', 1, '2024-06-21 05:25:40'),
	(981, 2, 36, 'B', 0, '2024-06-21 05:25:40'),
	(982, 2, 26, 'B', 0, '2024-06-21 05:25:40'),
	(983, 2, 41, 'B', 0, '2024-06-21 05:25:40'),
	(984, 2, 9, 'B', 0, '2024-06-21 05:25:40'),
	(985, 2, 33, 'B', 0, '2024-06-21 05:25:40'),
	(986, 2, 12, 'B', 0, '2024-06-21 05:25:40'),
	(987, 2, 37, 'B', 0, '2024-06-21 05:25:40'),
	(988, 2, 20, 'B', 1, '2024-06-21 05:25:40'),
	(989, 2, 34, 'B', 1, '2024-06-21 05:25:40'),
	(990, 2, 35, 'B', 0, '2024-06-21 05:25:40'),
	(991, 2, 42, 'B', 1, '2024-06-21 05:25:40'),
	(992, 2, 24, 'B', 0, '2024-06-21 05:25:40'),
	(993, 2, 28, 'B', 0, '2024-06-21 05:25:40'),
	(994, 2, 16, 'B', 0, '2024-06-21 05:25:40'),
	(995, 2, 40, 'B', 0, '2024-06-21 05:25:40'),
	(996, 2, 8, 'B', 0, '2024-06-21 05:25:40'),
	(997, 2, 10, 'B', 1, '2024-06-21 05:25:40'),
	(998, 2, 14, 'B', 0, '2024-06-21 05:25:40'),
	(999, 2, 7, 'B', 0, '2024-06-21 05:25:40'),
	(1000, 2, 23, 'B', 0, '2024-06-21 05:25:40'),
	(1001, 2, 13, 'C', 0, '2024-06-21 05:28:44'),
	(1002, 2, 26, 'C', 1, '2024-06-21 05:28:44'),
	(1003, 2, 27, 'C', 0, '2024-06-21 05:28:44'),
	(1004, 2, 31, 'C', 0, '2024-06-21 05:28:44'),
	(1005, 2, 41, 'C', 0, '2024-06-21 05:28:44'),
	(1006, 2, 28, 'C', 0, '2024-06-21 05:28:44'),
	(1007, 2, 34, 'C', 0, '2024-06-21 05:28:44'),
	(1008, 2, 3, 'C', 1, '2024-06-21 05:28:44'),
	(1009, 2, 40, 'C', 0, '2024-06-21 05:28:44'),
	(1010, 2, 21, 'C', 0, '2024-06-21 05:28:44'),
	(1011, 2, 37, 'C', 1, '2024-06-21 05:28:44'),
	(1012, 2, 19, 'C', 1, '2024-06-21 05:28:44'),
	(1013, 2, 39, 'C', 1, '2024-06-21 05:28:44'),
	(1014, 2, 30, 'C', 0, '2024-06-21 05:28:44'),
	(1015, 2, 12, 'C', 1, '2024-06-21 05:28:44'),
	(1016, 2, 33, 'C', 0, '2024-06-21 05:28:44'),
	(1017, 2, 2, 'C', 0, '2024-06-21 05:28:44'),
	(1018, 2, 29, 'C', 1, '2024-06-21 05:28:44'),
	(1019, 2, 11, 'C', 1, '2024-06-21 05:28:44'),
	(1020, 2, 20, 'C', 0, '2024-06-21 05:28:44'),
	(1021, 2, 25, 'C', 0, '2024-06-21 05:28:44'),
	(1022, 2, 1, 'C', 0, '2024-06-21 05:28:44'),
	(1023, 2, 5, 'C', 0, '2024-06-21 05:28:44'),
	(1024, 2, 10, 'C', 0, '2024-06-21 05:28:44'),
	(1025, 2, 8, 'C', 0, '2024-06-21 05:28:44'),
	(1026, 2, 17, 'C', 1, '2024-06-21 05:28:44'),
	(1027, 2, 18, 'C', 0, '2024-06-21 05:28:44'),
	(1028, 2, 14, 'C', 1, '2024-06-21 05:28:44'),
	(1029, 2, 24, 'C', 1, '2024-06-21 05:28:44'),
	(1030, 2, 22, 'C', 0, '2024-06-21 05:28:44'),
	(1031, 2, 32, 'C', 1, '2024-06-21 05:28:44'),
	(1032, 2, 15, 'C', 0, '2024-06-21 05:28:44'),
	(1033, 2, 4, 'C', 0, '2024-06-21 05:28:44'),
	(1034, 2, 7, 'C', 1, '2024-06-21 05:28:44'),
	(1035, 2, 6, 'C', 0, '2024-06-21 05:28:44'),
	(1036, 2, 35, 'C', 1, '2024-06-21 05:28:44'),
	(1037, 2, 16, 'C', 0, '2024-06-21 05:28:44'),
	(1038, 2, 23, 'C', 0, '2024-06-21 05:28:44'),
	(1039, 2, 38, 'C', 1, '2024-06-21 05:28:44'),
	(1040, 2, 42, 'C', 0, '2024-06-21 05:28:44'),
	(1041, 2, 87, 'A', 0, '2024-06-21 05:32:53'),
	(1042, 2, 83, 'A', 0, '2024-06-21 05:32:53'),
	(1043, 2, 89, 'A', 1, '2024-06-21 05:32:53'),
	(1044, 2, 57, 'A', 0, '2024-06-21 05:32:53'),
	(1045, 2, 49, 'A', 0, '2024-06-21 05:32:53'),
	(1046, 2, 80, 'A', 0, '2024-06-21 05:32:53'),
	(1047, 2, 63, 'A', 0, '2024-06-21 05:32:53'),
	(1048, 2, 45, 'A', 0, '2024-06-21 05:32:53'),
	(1049, 2, 52, 'A', 1, '2024-06-21 05:32:53'),
	(1050, 2, 71, 'A', 0, '2024-06-21 05:32:53'),
	(1051, 2, 78, 'A', 0, '2024-06-21 05:32:53'),
	(1052, 2, 74, 'A', 1, '2024-06-21 05:32:53'),
	(1053, 2, 73, 'A', 0, '2024-06-21 05:32:53'),
	(1054, 2, 44, 'A', 1, '2024-06-21 05:32:53'),
	(1055, 2, 75, 'A', 0, '2024-06-21 05:32:53'),
	(1056, 2, 77, 'A', 1, '2024-06-21 05:32:53'),
	(1057, 2, 84, 'A', 0, '2024-06-21 05:32:53'),
	(1058, 2, 62, 'A', 1, '2024-06-21 05:32:53'),
	(1059, 2, 47, 'A', 0, '2024-06-21 05:32:53'),
	(1060, 2, 53, 'A', 0, '2024-06-21 05:32:53'),
	(1061, 2, 70, 'A', 0, '2024-06-21 05:32:53'),
	(1062, 2, 58, 'A', 0, '2024-06-21 05:32:53'),
	(1063, 2, 55, 'A', 0, '2024-06-21 05:32:53'),
	(1064, 2, 60, 'A', 0, '2024-06-21 05:32:53'),
	(1065, 2, 86, 'A', 0, '2024-06-21 05:32:53'),
	(1066, 2, 65, 'A', 1, '2024-06-21 05:32:53'),
	(1067, 2, 85, 'A', 0, '2024-06-21 05:32:53'),
	(1068, 2, 54, 'A', 0, '2024-06-21 05:32:53'),
	(1069, 2, 61, 'A', 0, '2024-06-21 05:32:53'),
	(1070, 2, 64, 'A', 0, '2024-06-21 05:32:53'),
	(1071, 2, 90, 'A', 1, '2024-06-21 05:32:53'),
	(1072, 2, 50, 'A', 0, '2024-06-21 05:32:53'),
	(1073, 2, 88, 'A', 0, '2024-06-21 05:32:53'),
	(1074, 2, 48, 'A', 0, '2024-06-21 05:32:53'),
	(1075, 2, 67, 'A', 0, '2024-06-21 05:32:53'),
	(1076, 2, 56, 'A', 0, '2024-06-21 05:32:53'),
	(1077, 2, 82, 'A', 0, '2024-06-21 05:32:53'),
	(1078, 2, 46, 'A', 0, '2024-06-21 05:32:53'),
	(1079, 2, 72, 'A', 0, '2024-06-21 05:32:53'),
	(1080, 2, 68, 'A', 1, '2024-06-21 05:32:53'),
	(1081, 2, 90, 'B', 0, '2024-06-21 05:38:20'),
	(1082, 2, 86, 'B', 0, '2024-06-21 05:38:20'),
	(1083, 2, 85, 'B', 0, '2024-06-21 05:38:20'),
	(1084, 2, 89, 'B', 0, '2024-06-21 05:38:20'),
	(1085, 2, 46, 'B', 1, '2024-06-21 05:38:20'),
	(1086, 2, 48, 'B', 0, '2024-06-21 05:38:20'),
	(1087, 2, 74, 'B', 0, '2024-06-21 05:38:20'),
	(1088, 2, 80, 'B', 0, '2024-06-21 05:38:20'),
	(1089, 2, 61, 'B', 1, '2024-06-21 05:38:20'),
	(1090, 2, 44, 'B', 0, '2024-06-21 05:38:20'),
	(1091, 2, 68, 'B', 0, '2024-06-21 05:38:20'),
	(1092, 2, 72, 'B', 0, '2024-06-21 05:38:20'),
	(1093, 2, 81, 'B', 0, '2024-06-21 05:38:20'),
	(1094, 2, 63, 'B', 0, '2024-06-21 05:38:20'),
	(1095, 2, 65, 'B', 0, '2024-06-21 05:38:20'),
	(1096, 2, 73, 'B', 0, '2024-06-21 05:38:20'),
	(1097, 2, 43, 'B', 0, '2024-06-21 05:38:20'),
	(1098, 2, 59, 'B', 0, '2024-06-21 05:38:20'),
	(1099, 2, 67, 'B', 1, '2024-06-21 05:38:20'),
	(1100, 2, 57, 'B', 0, '2024-06-21 05:38:20'),
	(1101, 2, 70, 'C', 0, '2024-06-21 05:38:20'),
	(1102, 2, 78, 'C', 1, '2024-06-21 05:38:20'),
	(1103, 2, 60, 'C', 1, '2024-06-21 05:38:20'),
	(1104, 2, 83, 'C', 0, '2024-06-21 05:38:20'),
	(1105, 2, 53, 'C', 1, '2024-06-21 05:38:20'),
	(1106, 2, 58, 'C', 0, '2024-06-21 05:38:20'),
	(1107, 2, 62, 'C', 0, '2024-06-21 05:38:20'),
	(1108, 2, 64, 'C', 1, '2024-06-21 05:38:20'),
	(1109, 2, 82, 'C', 0, '2024-06-21 05:38:20'),
	(1110, 2, 66, 'C', 1, '2024-06-21 05:38:20'),
	(1111, 2, 49, 'C', 1, '2024-06-21 05:38:20'),
	(1112, 2, 47, 'C', 1, '2024-06-21 05:38:20'),
	(1113, 2, 55, 'C', 1, '2024-06-21 05:38:20'),
	(1114, 2, 84, 'C', 1, '2024-06-21 05:38:20'),
	(1115, 2, 51, 'C', 0, '2024-06-21 05:38:20'),
	(1116, 2, 88, 'C', 1, '2024-06-21 05:38:20'),
	(1117, 2, 69, 'C', 1, '2024-06-21 05:38:20'),
	(1118, 2, 77, 'C', 0, '2024-06-21 05:38:20'),
	(1119, 2, 54, 'C', 1, '2024-06-21 05:38:20'),
	(1120, 2, 75, 'C', 1, '2024-06-21 05:38:20'),
	(1121, 2, 16, 'B', 0, '2024-06-22 03:13:26'),
	(1122, 2, 20, 'B', 1, '2024-06-22 03:13:26'),
	(1123, 2, 26, 'B', 0, '2024-06-22 03:13:26'),
	(1124, 2, 12, 'B', 0, '2024-06-22 03:13:26'),
	(1125, 2, 6, 'B', 1, '2024-06-22 03:13:26'),
	(1126, 2, 40, 'B', 0, '2024-06-22 03:13:26'),
	(1127, 2, 32, 'B', 0, '2024-06-22 03:13:26'),
	(1128, 2, 8, 'B', 0, '2024-06-22 03:13:26'),
	(1129, 2, 31, 'B', 0, '2024-06-22 03:13:26'),
	(1130, 2, 4, 'B', 1, '2024-06-22 03:13:26'),
	(1131, 2, 33, 'B', 0, '2024-06-22 03:13:26'),
	(1132, 2, 37, 'B', 0, '2024-06-22 03:13:26'),
	(1133, 2, 23, 'B', 0, '2024-06-22 03:13:26'),
	(1134, 2, 7, 'B', 0, '2024-06-22 03:13:26'),
	(1135, 2, 13, 'B', 1, '2024-06-22 03:13:26'),
	(1136, 2, 24, 'B', 0, '2024-06-22 03:13:26'),
	(1137, 2, 18, 'B', 0, '2024-06-22 03:13:26'),
	(1138, 2, 11, 'B', 0, '2024-06-22 03:13:26'),
	(1139, 2, 1, 'B', 0, '2024-06-22 03:13:26'),
	(1140, 2, 14, 'B', 0, '2024-06-22 03:13:26'),
	(1141, 2, 21, 'B', 0, '2024-06-22 03:13:26'),
	(1142, 2, 3, 'B', 0, '2024-06-22 03:13:26'),
	(1143, 2, 41, 'B', 0, '2024-06-22 03:13:26'),
	(1144, 2, 39, 'B', 0, '2024-06-22 03:13:26'),
	(1145, 2, 42, 'B', 1, '2024-06-22 03:13:26'),
	(1146, 2, 35, 'A', 0, '2024-06-22 03:13:26'),
	(1147, 2, 30, 'A', 1, '2024-06-22 03:13:26'),
	(1148, 2, 36, 'A', 0, '2024-06-22 03:13:26'),
	(1149, 2, 10, 'A', 0, '2024-06-22 03:13:26'),
	(1150, 2, 19, 'A', 0, '2024-06-22 03:13:26'),
	(1151, 2, 34, 'A', 0, '2024-06-22 03:13:26'),
	(1152, 2, 38, 'A', 0, '2024-06-22 03:13:26'),
	(1153, 2, 22, 'A', 0, '2024-06-22 03:13:26'),
	(1154, 2, 17, 'A', 0, '2024-06-22 03:13:26'),
	(1155, 2, 5, 'A', 0, '2024-06-22 03:13:26'),
	(1156, 2, 9, 'A', 1, '2024-06-22 03:13:26'),
	(1157, 2, 27, 'A', 0, '2024-06-22 03:13:26'),
	(1158, 2, 25, 'A', 1, '2024-06-22 03:13:26'),
	(1159, 2, 29, 'A', 0, '2024-06-22 03:13:26'),
	(1160, 2, 15, 'A', 1, '2024-06-22 03:13:26');

-- Dumping structure for table tracnghiemoto.login
CREATE TABLE IF NOT EXISTS `login` (
  `userId` int NOT NULL,
  `loginAt` datetime DEFAULT NULL,
  PRIMARY KEY (`userId`),
  CONSTRAINT `FK__users` FOREIGN KEY (`userId`) REFERENCES `users` (`id`) ON DELETE CASCADE ON UPDATE CASCADE
) ENGINE=InnoDB DEFAULT CHARSET=utf8mb4 COLLATE=utf8mb4_0900_ai_ci;

-- Dumping data for table tracnghiemoto.login: ~0 rows (approximately)

-- Dumping structure for table tracnghiemoto.questions
CREATE TABLE IF NOT EXISTS `questions` (
  `id` int NOT NULL AUTO_INCREMENT,
  `chuDe` varchar(250) DEFAULT NULL,
  `question` varchar(500) DEFAULT NULL,
  `optionA` varchar(150) DEFAULT NULL,
  `optionB` varchar(150) DEFAULT NULL,
  `optionC` varchar(150) DEFAULT NULL,
  `optionD` varchar(150) DEFAULT NULL,
  `answer` char(1) DEFAULT NULL,
  `difficulty` varchar(50) DEFAULT NULL,
  PRIMARY KEY (`id`),
  KEY `FK_questions_exam` (`chuDe`),
  CONSTRAINT `FK_questions_exam` FOREIGN KEY (`chuDe`) REFERENCES `exam` (`examName`)
) ENGINE=InnoDB AUTO_INCREMENT=93 DEFAULT CHARSET=utf8mb4 COLLATE=utf8mb4_0900_ai_ci;

-- Dumping data for table tracnghiemoto.questions: ~91 rows (approximately)
INSERT INTO `questions` (`id`, `chuDe`, `question`, `optionA`, `optionB`, `optionC`, `optionD`, `answer`, `difficulty`) VALUES
	(1, 'Thi lái xe ô tô B', 'Khi lái xe, dấu hiệu nào cho thấy bạn đang trên đường ưu tiên?', 'Biển báo cấm dừng', 'Biển báo nguy hiểm', 'Biển báo chỉ dẫn', 'Biển báo đường ưu tiên', 'D', 'hard'),
	(2, 'Thi lái xe ô tô B', 'Biển báo nào báo hiệu đoạn đường sắp đến giao lộ có tín hiệu đèn?', 'Biển số 206', 'Biển số 201', 'Biển số 204', 'Biển số 207', 'A', 'easy'),
	(3, 'Thi lái xe ô tô B', 'Khi lái xe, bạn có được phép dừng xe tại đâu?', 'Trên cầu vượt', 'Trong hầm đường bộ', 'Trước cổng trường học', 'Tất cả đều đúng', 'C', 'easy'),
	(4, 'Thi lái xe ô tô B', 'Khi gặp biển báo cấm đi ngược chiều, bạn phải làm gì?', 'Tiếp tục đi', 'Qua đường khác', 'Đi ngược chiều', 'Rẽ phải', 'B', 'easy'),
	(5, 'Thi lái xe ô tô B', 'Biển báo nào báo hiệu đoạn đường phải giữ gìn môi trường?', 'Biển số 206', 'Biển số 201', 'Biển số 204', 'Biển số 207', 'D', 'easy'),
	(6, 'Thi lái xe ô tô B', 'Khi gặp biển báo cấm rẽ trái, bạn được phép làm gì?', 'Rẽ trái', 'Rẽ phải', 'Tiếp tục đi', 'Dừng lại', 'B', 'easy'),
	(7, 'Thi lái xe ô tô B', 'Biển báo nào báo hiệu đường hầm đường bộ?', 'Biển số 203', 'Biển số 204', 'Biển số 201', 'Biển số 202', 'C', 'easy'),
	(8, 'Thi lái xe ô tô B', 'Khi lái xe, bạn được phép dừng xe ở đâu?', 'Trước cổng nhà dân', 'Trong hầm đường bộ', 'Trên cầu vượt', 'Tất cả đều sai', 'A', 'easy'),
	(9, 'Thi lái xe ô tô B', 'Biển báo nào báo hiệu đường phố nguy hiểm?', 'Biển số 205', 'Biển số 206', 'Biển số 207', 'Biển số 204', 'A', 'easy'),
	(10, 'Thi lái xe ô tô B', 'Biển báo nào báo hiệu đường cụt?', 'Biển số 202', 'Biển số 203', 'Biển số 204', 'Biển số 201', 'B', 'easy'),
	(11, 'Thi lái xe ô tô B', 'Khi gặp biển báo cấm rẽ phải, bạn được phép làm gì?', 'Tiếp tục đi', 'Rẽ phải', 'Rẽ trái', 'Dừng lại', 'C', 'easy'),
	(12, 'Thi lái xe ô tô B', 'Khi gặp biển báo cấm rẽ phải và cấm rẽ trái, bạn phải làm gì?', 'Rẽ trái', 'Rẽ phải', 'Đi thẳng', 'Dừng lại', 'C', 'easy'),
	(13, 'Thi lái xe ô tô B', 'Biển báo nào báo hiệu đường giao nhau có tín hiệu đèn?', 'Biển số 202', 'Biển số 205', 'Biển số 206', 'Biển số 207', 'B', 'easy'),
	(14, 'Thi lái xe ô tô B', 'Khi gặp biển báo cấm đi ngược chiều, bạn phải làm gì?', 'Đi ngược chiều', 'Tiếp tục đi', 'Qua đường khác', 'Rẽ phải', 'C', 'easy'),
	(15, 'Thi lái xe ô tô B', 'Biển báo nào báo hiệu đường phố cụt?', 'Biển số 201', 'Biển số 202', 'Biển số 204', 'Biển số 203', 'A', 'easy'),
	(16, 'Thi lái xe ô tô B', 'Biển báo nào báo hiệu đường cao tốc?', 'Biển số 201', 'Biển số 202', 'Biển số 203', 'Biển số 204', 'D', 'easy'),
	(17, 'Thi lái xe ô tô B', 'Biển báo nào báo hiệu đoạn đường sắp đến giao lộ không tín hiệu đèn?', 'Biển số 201', 'Biển số 202', 'Biển số 204', 'Biển số 203', 'C', 'easy'),
	(18, 'Thi lái xe ô tô B', 'Biển báo nào báo hiệu đoạn đường sắp đến giao lộ có tín hiệu đèn?', 'Biển số 204', 'Biển số 203', 'Biển số 202', 'Biển số 201', 'A', 'easy'),
	(19, 'Thi lái xe ô tô B', 'Khi gặp biển báo cấm rẽ phải, bạn được phép làm gì?', 'Rẽ phải', 'Rẽ trái', 'Tiếp tục đi', 'Dừng lại', 'C', 'easy'),
	(20, 'Thi lái xe ô tô B', 'Khi gặp biển báo cấm rẽ trái, bạn được phép làm gì?', 'Rẽ trái', 'Rẽ phải', 'Tiếp tục đi', 'Dừng lại', 'B', 'easy'),
	(21, 'Thi lái xe ô tô B', 'Khi lái xe, bạn được phép dừng xe ở đâu?', 'Trong hầm đường bộ', 'Trên cầu vượt', 'Trước cổng trường học', 'Tất cả đều sai', 'D', 'easy'),
	(22, 'Thi lái xe ô tô B', 'Khi gặp biển báo cấm rẽ trái, bạn phải làm gì?', 'Rẽ trái', 'Rẽ phải', 'Tiếp tục đi', 'Dừng lại', 'B', 'hard'),
	(23, 'Thi lái xe ô tô B', 'Biển báo nào báo hiệu đường cao tốc?', 'Biển số 201', 'Biển số 202', 'Biển số 203', 'Biển số 204', 'D', 'hard'),
	(24, 'Thi lái xe ô tô B', 'Biển báo nào báo hiệu đoạn đường sắp đến giao lộ không tín hiệu đèn?', 'Biển số 201', 'Biển số 202', 'Biển số 204', 'Biển số 203', 'C', 'hard'),
	(25, 'Thi lái xe ô tô B', 'Biển báo nào báo hiệu đoạn đường sắp đến giao lộ có tín hiệu đèn?', 'Biển số 204', 'Biển số 203', 'Biển số 202', 'Biển số 201', 'A', 'hard'),
	(26, 'Thi lái xe ô tô B', 'Khi gặp biển báo cấm rẽ phải, bạn được phép làm gì?', 'Rẽ phải', 'Rẽ trái', 'Tiếp tục đi', 'Dừng lại', 'C', 'hard'),
	(27, 'Thi lái xe ô tô B', 'Khi gặp biển báo cấm rẽ trái, bạn được phép làm gì?', 'Rẽ trái', 'Rẽ phải', 'Tiếp tục đi', 'Dừng lại', 'B', 'hard'),
	(28, 'Thi lái xe ô tô B', 'Khi lái xe, bạn được phép dừng xe ở đâu?', 'Trong hầm đường bộ', 'Trên cầu vượt', 'Trước cổng trường học', 'Tất cả đều sai', 'D', 'hard'),
	(29, 'Thi lái xe ô tô B', 'Khi gặp biển báo cấm đi ngược chiều, bạn phải làm gì?', 'Đi ngược chiều', 'Tiếp tục đi', 'Qua đường khác', 'Rẽ phải', 'C', 'hard'),
	(30, 'Thi lái xe ô tô B', 'Biển báo nào báo hiệu đường phố cụt?', 'Biển số 201', 'Biển số 202', 'Biển số 204', 'Biển số 203', 'A', 'hard'),
	(31, 'Thi lái xe ô tô B', 'Biển báo nào báo hiệu đường cao tốc?', 'Biển số 201', 'Biển số 202', 'Biển số 203', 'Biển số 204', 'D', 'hard'),
	(32, 'Thi lái xe ô tô B', 'Khi gặp biển báo cấm rẽ phải, bạn được phép làm gì?', 'Rẽ phải', 'Rẽ trái', 'Tiếp tục đi', 'Dừng lại', 'C', 'hard'),
	(33, 'Thi lái xe ô tô B', 'Biển báo nào báo hiệu đoạn đường phải giữ gìn môi trường?', 'Biển số 206', 'Biển số 201', 'Biển số 204', 'Biển số 207', 'D', 'hard'),
	(34, 'Thi lái xe ô tô B', 'Biển báo nào báo hiệu đường giao nhau có tín hiệu đèn?', 'Biển số 202', 'Biển số 205', 'Biển số 206', 'Biển số 207', 'B', 'hard'),
	(35, 'Thi lái xe ô tô B', 'Khi gặp biển báo cấm đi ngược chiều, bạn phải làm gì?', 'Đi ngược chiều', 'Tiếp tục đi', 'Qua đường khác', 'Rẽ phải', 'C', 'hard'),
	(36, 'Thi lái xe ô tô B', 'Biển báo nào báo hiệu đoạn đường phải giữ gìn môi trường?', 'Biển số 206', 'Biển số 201', 'Biển số 204', 'Biển số 207', 'D', 'hard'),
	(37, 'Thi lái xe ô tô B', 'Biển báo nào báo hiệu đường hầm đường bộ?', 'Biển số 203', 'Biển số 204', 'Biển số 201', 'Biển số 202', 'C', 'hard'),
	(38, 'Thi lái xe ô tô B', 'Khi gặp biển báo cấm rẽ trái và cấm rẽ phải, bạn phải làm gì?', 'Rẽ trái', 'Rẽ phải', 'Đi thẳng', 'Dừng lại', 'C', 'hard'),
	(39, 'Thi lái xe ô tô B', 'Khi gặp biển báo cấm rẽ phải và cấm rẽ trái, bạn phải làm gì?', 'Rẽ trái', 'Rẽ phải', 'Đi thẳng', 'Dừng lại', 'C', 'hard'),
	(40, 'Thi lái xe ô tô B', 'Khi lái xe, bạn được phép dừng xe ở đâu?', 'Trước cổng nhà dân', 'Trong hầm đường bộ', 'Trên cầu vượt', 'Tất cả đều sai', 'A', 'hard'),
	(41, 'Thi lái xe ô tô B', 'Biển báo nào báo hiệu đường phố nguy hiểm?', 'Biển số 205', 'Biển số 206', 'Biển số 207', 'Biển số 204', 'A', 'hard'),
	(42, 'Thi lái xe ô tô B', 'Khi gặp biển báo cấm rẽ trái, bạn được phép làm gì?', 'Rẽ trái', 'Rẽ phải', 'Tiếp tục đi', 'Dừng lại', 'B', 'hard'),
	(43, 'Thi lái xe ô tô C', 'Khi lái xe, bạn có được phép dừng xe tại đâu?', 'Trên cầu vượt', 'Trong hầm đường bộ', 'Trước cổng trường học', 'Tất cả đều đúng', 'C', 'easy'),
	(44, 'Thi lái xe ô tô C', 'Biển báo nào báo hiệu đường phố cụt?', 'Biển số 201', 'Biển số 202', 'Biển số 204', 'Biển số 203', 'A', 'easy'),
	(45, 'Thi lái xe ô tô C', 'Biển báo nào báo hiệu đường cao tốc?', 'Biển số 201', 'Biển số 202', 'Biển số 203', 'Biển số 204', 'D', 'easy'),
	(46, 'Thi lái xe ô tô C', 'Khi gặp biển báo cấm rẽ trái, bạn được phép làm gì?', 'Rẽ trái', 'Rẽ phải', 'Tiếp tục đi', 'Dừng lại', 'B', 'easy'),
	(47, 'Thi lái xe ô tô C', 'Khi gặp biển báo cấm rẽ phải, bạn được phép làm gì?', 'Rẽ phải', 'Rẽ trái', 'Tiếp tục đi', 'Dừng lại', 'C', 'easy'),
	(48, 'Thi lái xe ô tô C', 'Biển báo nào báo hiệu đoạn đường phải giữ gìn môi trường?', 'Biển số 206', 'Biển số 201', 'Biển số 204', 'Biển số 207', 'D', 'easy'),
	(49, 'Thi lái xe ô tô C', 'Biển báo nào báo hiệu đoạn đường sắp đến giao lộ không tín hiệu đèn?', 'Biển số 201', 'Biển số 202', 'Biển số 204', 'Biển số 203', 'C', 'easy'),
	(50, 'Thi lái xe ô tô C', 'Khi gặp biển báo cấm đi ngược chiều, bạn phải làm gì?', 'Đi ngược chiều', 'Tiếp tục đi', 'Qua đường khác', 'Rẽ phải', 'C', 'easy'),
	(51, 'Thi lái xe ô tô C', 'Biển báo nào báo hiệu đoạn đường sắp đến giao lộ có tín hiệu đèn?', 'Biển số 204', 'Biển số 203', 'Biển số 202', 'Biển số 201', 'A', 'easy'),
	(52, 'Thi lái xe ô tô C', 'Khi lái xe, bạn được phép dừng xe ở đâu?', 'Trước cổng trường học', 'Trong hầm đường bộ', 'Trên cầu vượt', 'Tất cả đều sai', 'A', 'easy'),
	(53, 'Thi lái xe ô tô C', 'Biển báo nào báo hiệu đường hầm đường bộ?', 'Biển số 203', 'Biển số 204', 'Biển số 201', 'Biển số 202', 'C', 'easy'),
	(54, 'Thi lái xe ô tô C', 'Khi gặp biển báo cấm rẽ phải và cấm rẽ trái, bạn phải làm gì?', 'Rẽ trái', 'Rẽ phải', 'Đi thẳng', 'Dừng lại', 'C', 'easy'),
	(55, 'Thi lái xe ô tô C', 'Khi gặp biển báo cấm rẽ trái và cấm rẽ phải, bạn phải làm gì?', 'Rẽ trái', 'Rẽ phải', 'Đi thẳng', 'Dừng lại', 'C', 'easy'),
	(56, 'Thi lái xe ô tô C', 'Khi gặp biển báo cấm đi ngược chiều, bạn phải làm gì?', 'Đi ngược chiều', 'Tiếp tục đi', 'Qua đường khác', 'Rẽ phải', 'C', 'easy'),
	(57, 'Thi lái xe ô tô C', 'Biển báo nào báo hiệu đoạn đường phải giữ gìn môi trường?', 'Biển số 206', 'Biển số 201', 'Biển số 204', 'Biển số 207', 'D', 'easy'),
	(58, 'Thi lái xe ô tô C', 'Biển báo nào báo hiệu đường giao nhau có tín hiệu đèn?', 'Biển số 202', 'Biển số 205', 'Biển số 206', 'Biển số 207', 'B', 'easy'),
	(59, 'Thi lái xe ô tô C', 'Biển báo nào báo hiệu đường phố nguy hiểm?', 'Biển số 205', 'Biển số 206', 'Biển số 207', 'Biển số 204', 'A', 'easy'),
	(60, 'Thi lái xe ô tô C', 'Khi gặp biển báo cấm rẽ phải, bạn được phép làm gì?', 'Rẽ phải', 'Rẽ trái', 'Tiếp tục đi', 'Dừng lại', 'C', 'easy'),
	(61, 'Thi lái xe ô tô C', 'Khi gặp biển báo cấm rẽ trái, bạn được phép làm gì?', 'Rẽ trái', 'Rẽ phải', 'Tiếp tục đi', 'Dừng lại', 'B', 'easy'),
	(62, 'Thi lái xe ô tô C', 'Biển báo nào báo hiệu đường phố cụt?', 'Biển số 201', 'Biển số 202', 'Biển số 204', 'Biển số 203', 'A', 'easy'),
	(63, 'Thi lái xe ô tô C', 'Biển báo nào báo hiệu đường cao tốc?', 'Biển số 201', 'Biển số 202', 'Biển số 203', 'Biển số 204', 'D', 'easy'),
	(64, 'Thi lái xe ô tô C', 'Biển báo nào báo hiệu đoạn đường sắp đến giao lộ không tín hiệu đèn?', 'Biển số 201', 'Biển số 202', 'Biển số 204', 'Biển số 203', 'C', 'easy'),
	(65, 'Thi lái xe ô tô C', 'Biển báo nào báo hiệu đoạn đường sắp đến giao lộ có tín hiệu đèn?', 'Biển số 204', 'Biển số 203', 'Biển số 202', 'Biển số 201', 'A', 'easy'),
	(66, 'Thi lái xe ô tô C', 'Khi gặp biển báo cấm rẽ phải, bạn được phép làm gì?', 'Rẽ phải', 'Rẽ trái', 'Tiếp tục đi', 'Dừng lại', 'C', 'easy'),
	(67, 'Thi lái xe ô tô C', 'Khi gặp biển báo cấm rẽ trái, bạn được phép làm gì?', 'Rẽ trái', 'Rẽ phải', 'Tiếp tục đi', 'Dừng lại', 'B', 'easy'),
	(68, 'Thi lái xe ô tô C', 'Khi lái xe, bạn được phép dừng xe ở đâu?', 'Trong hầm đường bộ', 'Trên cầu vượt', 'Trước cổng trường học', 'Tất cả đều sai', 'A', 'easy'),
	(69, 'Thi lái xe ô tô C', 'Khi gặp biển báo cấm đi ngược chiều, bạn phải làm gì?', 'Đi ngược chiều', 'Tiếp tục đi', 'Qua đường khác', 'Rẽ phải', 'C', 'easy'),
	(70, 'Thi lái xe ô tô C', 'Biển báo nào báo hiệu đoạn đường phải giữ gìn môi trường?', 'Biển số 206', 'Biển số 201', 'Biển số 204', 'Biển số 207', 'D', 'easy'),
	(71, 'Thi lái xe ô tô C', 'Khi gặp biển báo cấm rẽ trái, bạn phải làm gì?', 'Rẽ trái', 'Rẽ phải', 'Tiếp tục đi', 'Dừng lại', 'B', 'hard'),
	(72, 'Thi lái xe ô tô C', 'Biển báo nào báo hiệu đường cao tốc?', 'Biển số 201', 'Biển số 202', 'Biển số 203', 'Biển số 204', 'D', 'hard'),
	(73, 'Thi lái xe ô tô C', 'Biển báo nào báo hiệu đoạn đường sắp đến giao lộ không tín hiệu đèn?', 'Biển số 201', 'Biển số 202', 'Biển số 204', 'Biển số 203', 'C', 'hard'),
	(74, 'Thi lái xe ô tô C', 'Biển báo nào báo hiệu đoạn đường sắp đến giao lộ có tín hiệu đèn?', 'Biển số 204', 'Biển số 203', 'Biển số 202', 'Biển số 201', 'A', 'hard'),
	(75, 'Thi lái xe ô tô C', 'Khi gặp biển báo cấm rẽ phải, bạn được phép làm gì?', 'Rẽ phải', 'Rẽ trái', 'Tiếp tục đi', 'Dừng lại', 'C', 'hard'),
	(76, 'Thi lái xe ô tô C', 'Khi gặp biển báo cấm rẽ trái, bạn được phép làm gì?', 'Rẽ trái', 'Rẽ phải', 'Tiếp tục đi', 'Dừng lại', 'B', 'hard'),
	(77, 'Thi lái xe ô tô C', 'Khi lái xe, bạn được phép dừng xe ở đâu?', 'Trong hầm đường bộ', 'Trên cầu vượt', 'Trước cổng trường học', 'Tất cả đều sai', 'A', 'hard'),
	(78, 'Thi lái xe ô tô C', 'Khi gặp biển báo cấm đi ngược chiều, bạn phải làm gì?', 'Đi ngược chiều', 'Tiếp tục đi', 'Qua đường khác', 'Rẽ phải', 'C', 'hard'),
	(79, 'Thi lái xe ô tô C', 'Biển báo nào báo hiệu đường phố cụt?', 'Biển số 201', 'Biển số 202', 'Biển số 204', 'Biển số 203', 'A', 'hard'),
	(80, 'Thi lái xe ô tô C', 'Biển báo nào báo hiệu đường cao tốc?', 'Biển số 201', 'Biển số 202', 'Biển số 203', 'Biển số 204', 'D', 'hard'),
	(81, 'Thi lái xe ô tô C', 'Khi gặp biển báo cấm rẽ phải, bạn được phép làm gì?', 'Rẽ phải', 'Rẽ trái', 'Tiếp tục đi', 'Dừng lại', 'C', 'hard'),
	(82, 'Thi lái xe ô tô C', 'Biển báo nào báo hiệu đoạn đường phải giữ gìn môi trường?', 'Biển số 206', 'Biển số 201', 'Biển số 204', 'Biển số 207', 'D', 'hard'),
	(83, 'Thi lái xe ô tô C', 'Biển báo nào báo hiệu đường giao nhau có tín hiệu đèn?', 'Biển số 202', 'Biển số 205', 'Biển số 206', 'Biển số 207', 'B', 'hard'),
	(84, 'Thi lái xe ô tô C', 'Khi gặp biển báo cấm đi ngược chiều, bạn phải làm gì?', 'Đi ngược chiều', 'Tiếp tục đi', 'Qua đường khác', 'Rẽ phải', 'C', 'hard'),
	(85, 'Thi lái xe ô tô C', 'Biển báo nào báo hiệu đoạn đường phải giữ gìn môi trường?', 'Biển số 206', 'Biển số 201', 'Biển số 204', 'Biển số 207', 'D', 'hard'),
	(86, 'Thi lái xe ô tô C', 'Biển báo nào báo hiệu đường hầm đường bộ?', 'Biển số 203', 'Biển số 204', 'Biển số 201', 'Biển số 202', 'C', 'hard'),
	(87, 'Thi lái xe ô tô C', 'Khi gặp biển báo cấm rẽ trái và cấm rẽ phải, bạn phải làm gì?', 'Rẽ trái', 'Rẽ phải', 'Đi thẳng', 'Dừng lại', 'C', 'hard'),
	(88, 'Thi lái xe ô tô C', 'Khi gặp biển báo cấm rẽ phải và cấm rẽ trái, bạn phải làm gì?', 'Rẽ trái', 'Rẽ phải', 'Đi thẳng', 'Dừng lại', 'C', 'hard'),
	(89, 'Thi lái xe ô tô C', 'Khi lái xe, bạn được phép dừng xe ở đâu?', 'Trước cổng nhà dân', 'Trong hầm đường bộ', 'Trên cầu vượt', 'Tất cả đều sai', 'A', 'hard'),
	(90, 'Thi lái xe ô tô C', 'Biển báo nào báo hiệu đường phố nguy hiểm?', 'Biển số 205', 'Biển số 206', 'Biển số 207', 'Biển số 204', 'A', 'hard');

-- Dumping structure for table tracnghiemoto.result
CREATE TABLE IF NOT EXISTS `result` (
  `id` int NOT NULL AUTO_INCREMENT,
  `userId` int DEFAULT NULL,
  `examName` varchar(250) DEFAULT NULL,
  `score` int DEFAULT NULL,
  `timeComplete` text,
  `testDate` datetime DEFAULT NULL,
  `soCauDung` int DEFAULT NULL,
  `soCauSai` int DEFAULT NULL,
  `soCauTrong` int DEFAULT NULL,
  `ketQua` varchar(50) DEFAULT NULL,
  PRIMARY KEY (`id`),
  KEY `FK_result_exam` (`examName`),
  KEY `FK_result_users` (`userId`),
  CONSTRAINT `FK_result_exam` FOREIGN KEY (`examName`) REFERENCES `exam` (`examName`) ON DELETE CASCADE ON UPDATE CASCADE,
  CONSTRAINT `FK_result_users` FOREIGN KEY (`userId`) REFERENCES `users` (`id`) ON DELETE CASCADE ON UPDATE CASCADE
) ENGINE=InnoDB AUTO_INCREMENT=29 DEFAULT CHARSET=utf8mb4 COLLATE=utf8mb4_0900_ai_ci;

-- Dumping data for table tracnghiemoto.result: ~15 rows (approximately)
INSERT INTO `result` (`id`, `userId`, `examName`, `score`, `timeComplete`, `testDate`, `soCauDung`, `soCauSai`, `soCauTrong`, `ketQua`) VALUES
	(9, 5, 'Thi lái xe ô tô C', 95, '49 giây', '2024-05-29 12:09:49', 38, 2, 0, 'Đậu'),
	(11, 5, 'Thi lái xe ô tô B', 80, '1 phút 12 giây', '2024-05-29 12:11:57', 32, 8, 0, 'Đậu'),
	(12, 5, 'Thi lái xe ô tô B', 88, '7 phút 35 giây', '2024-05-29 12:30:12', 35, 5, 0, 'Đậu'),
	(14, 6, 'Thi lái xe ô tô B', 30, '56 giây', '2024-06-10 12:27:56', 12, 28, 0, 'Rớt'),
	(15, 6, 'Thi lái xe ô tô C', 15, '50 giây', '2024-06-10 12:39:27', 6, 34, 0, 'Rớt'),
	(16, 6, 'Thi lái xe ô tô B', 25, '51 giây', '2024-06-10 12:45:23', 10, 30, 0, 'Rớt'),
	(17, 6, 'Thi lái xe ô tô B', 35, '53 giây', '2024-06-11 02:16:43', 14, 26, 0, 'Rớt'),
	(18, 6, 'Thi lái xe ô tô C', 35, '49 giây', '2024-06-11 02:27:35', 14, 26, 0, 'Rớt'),
	(19, 5, 'Thi lái xe ô tô B', 28, '1 phút 12 giây', '2024-06-11 13:34:15', 11, 29, 0, 'Rớt'),
	(20, 5, 'Thi lái xe ô tô B', 23, '57 giây', '2024-06-13 02:01:50', 9, 31, 0, 'Rớt'),
	(21, 5, 'Thi lái xe ô tô B', 38, '47 giây', '2024-06-13 02:08:50', 15, 25, 0, 'Rớt'),
	(22, 5, 'Thi lái xe ô tô B', 18, '2 phút 22 giây', '2024-06-14 03:40:13', 7, 33, 0, 'Rớt'),
	(23, 2, 'Thi lái xe ô tô B', 25, '53 giây', '2024-06-21 05:22:46', 10, 30, 0, 'Rớt'),
	(24, 2, 'Thi lái xe ô tô B', 28, '52 giây', '2024-06-21 05:25:40', 11, 29, 0, 'Rớt'),
	(25, 2, 'Thi lái xe ô tô B', 38, '49 giây', '2024-06-21 05:28:44', 15, 25, 0, 'Rớt'),
	(26, 2, 'Thi lái xe ô tô C', 23, '53 giây', '2024-06-21 05:32:53', 9, 31, 0, 'Rớt'),
	(27, 2, 'Thi lái xe ô tô C', 40, '51 giây', '2024-06-21 05:38:20', 16, 24, 0, 'Rớt'),
	(28, 2, 'Thi lái xe ô tô B', 95, '57 giây', '2024-06-22 03:13:26', 38, 2, 0, 'Đậu');

-- Dumping structure for table tracnghiemoto.users
CREATE TABLE IF NOT EXISTS `users` (
  `id` int NOT NULL AUTO_INCREMENT,
  `userName` varchar(50) DEFAULT NULL,
  `password` varchar(500) DEFAULT NULL,
  `phone` varchar(11) DEFAULT NULL,
  `email` varchar(50) DEFAULT NULL,
  `forgotToken` varchar(250) DEFAULT NULL,
  `activeToken` varchar(250) DEFAULT NULL,
  `createAt` datetime DEFAULT NULL,
  `updateAt` datetime DEFAULT NULL,
  `status` int DEFAULT '0',
  PRIMARY KEY (`id`)
) ENGINE=InnoDB AUTO_INCREMENT=7 DEFAULT CHARSET=utf8mb4 COLLATE=utf8mb4_0900_ai_ci;

-- Dumping data for table tracnghiemoto.users: ~2 rows (approximately)
INSERT INTO `users` (`id`, `userName`, `password`, `phone`, `email`, `forgotToken`, `activeToken`, `createAt`, `updateAt`, `status`) VALUES
	(2, 'Phan Phú', '$2y$10$JY6jLwGzfavFRonJ4OyySezwpRVOCmqKxGO1ATagA2RPdmMhL6NzO', '0895378319', 'phandinhphu2021mwg@gmail.com', '', '', '2024-05-07 00:47:05', '2024-06-21 04:44:11', 1),
	(5, 'Gamer Phu', '$2y$10$T8zR6ixeM3f04cLiANkT6uzgxYjcs5lgCfQnO25SX26GoehrSTiVC', '0593869382', 'gamerphu58@gmail.com', '', NULL, '2024-05-27 04:04:21', '2024-06-12 04:02:33', 1),
	(6, 'Phan Đình Phú', '$2y$10$Vv0QdpgGW55JMk55ThtrHupUliZC/80jbLOjWhiTYn.NBGWMPQTje', '0339905587', 'phuphandinh2004@gmail.com', '', NULL, '2024-05-29 03:28:55', '2024-06-10 12:26:32', 1);

/*!40103 SET TIME_ZONE=IFNULL(@OLD_TIME_ZONE, 'system') */;
/*!40101 SET SQL_MODE=IFNULL(@OLD_SQL_MODE, '') */;
/*!40014 SET FOREIGN_KEY_CHECKS=IFNULL(@OLD_FOREIGN_KEY_CHECKS, 1) */;
/*!40101 SET CHARACTER_SET_CLIENT=@OLD_CHARACTER_SET_CLIENT */;
/*!40111 SET SQL_NOTES=IFNULL(@OLD_SQL_NOTES, 1) */;
